{
  "baseline": {
    "hit_rate@1": 0.67375,
    "hit_rate@10": 0.93125,
    "hit_rate@3": 0.84125,
    "hit_rate@5": 0.895,
    "mean_rank": 2.33625,
    "mrr": 0.763797123015873,
    "ndcg@1": 0.67375,
    "ndcg@10": 0.8048382923044726,
    "ndcg@3": 0.7707566375491104,
    "ndcg@5": 0.7928646884631324,
    "total_queries": 800.0
  },
  "reranker": {
    "hit_rate@1": 0.85125,
    "hit_rate@10": 0.96,
    "hit_rate@3": 0.93375,
    "hit_rate@5": 0.945,
    "mean_rank": 1.63625,
    "mrr": 0.8939295634920635,
    "ndcg@1": 0.85125,
    "ndcg@10": 0.9103416011566058,
    "ndcg@3": 0.9006831095982158,
    "ndcg@5": 0.9054186614994444,
    "total_queries": 800.0
  }
}