{
  "hit_rate@1": 0.67375,
  "hit_rate@10": 0.93125,
  "hit_rate@3": 0.84125,
  "hit_rate@5": 0.895,
  "mean_rank": 2.33625,
  "mrr": 0.763797123015873,
  "total_queries": 800.0
}