{
  "hit_rate@1": 0.81625,
  "hit_rate@10": 0.9625,
  "hit_rate@3": 0.9275,
  "hit_rate@5": 0.94375,
  "mean_rank": 1.69,
  "mrr": 0.8730456349206349,
  "ndcg@1": 0.81625,
  "ndcg@10": 0.8952682445536282,
  "ndcg@3": 0.8823493802857163,
  "ndcg@5": 0.8890739759116663,
  "total_queries": 800.0
}